ID,Name,Surname,Subject1,Subject2,Subject3,Subject4,Subject5
1,Arjun,Sharma,47,17,15,14,8
2,Arjun,Mishra,5,37,27,2,1
3,Aditya,Singh,14,32,38,1,35
4,Rahul,Mishra,26,14,28,37,17
5,Aarav,Gupta,44,27,21,17,9
6,Rahul,Mehta,6,5,24,6,22
7,Riya,Jain,16,2,46,29,34
8,Arjun,Patel,5,35,18,40,39
9,Riya,Jain,12,45,4,2,42
10,Aman,Kumar,5,14,6,24,17
11,Sneha,Mehta,10,23,22,13,42
12,Karan,Verma,38,40,10,34,46
13,Aman,Gupta,29,24,17,40,44
14,Simran,Singh,43,20,49,49,3
15,Aman,Sharma,20,25,17,4,13
16,Vikash,Mehta,13,41,31,25,41
17,Sneha,Gupta,16,8,15,47,35
18,Simran,Kumar,47,37,27,37,25
19,Riya,Singh,8,32,31,5,48
20,Vivaan,Verma,9,40,10,50,43
21,Ishita,Jain,4,24,24,38,29
22,Nisha,Kumar,35,0,43,46,7
23,Simran,Kumar,49,41,21,7,18
24,Ishita,Gupta,29,0,46,46,16
25,Nisha,Gupta,32,6,40,19,40
26,Nisha,Jain,12,9,23,48,10
27,Simran,Mishra,0,38,20,31,1
28,Arjun,Mehta,19,15,3,15,36
29,Aditya,Verma,46,31,4,48,34
30,Kabir,Gupta,42,30,35,10,16
31,Nisha,Jain,27,13,34,48,46
32,Rahul,Kumar,25,42,41,23,28
33,Nisha,Agarwal,7,15,14,4,21
34,Aarav,Jain,35,14,37,14,0
35,Aditya,Sharma,14,4,2,21,4
36,Nisha,Singh,17,42,31,13,34
37,Kabir,Jain,36,30,15,50,30
38,Ishita,Singh,6,6,42,27,22
39,Ishita,Patel,29,46,3,43,41
40,Arjun,Sharma,25,46,21,6,15
41,Rahul,Singh,34,28,8,27,11
42,Karan,Agarwal,15,4,28,35,6
43,Vivaan,Mishra,0,5,48,15,10
44,Ishita,Agarwal,30,13,25,3,10
45,Ananya,Sharma,24,16,50,50,29
46,Neha,Patel,44,46,50,35,42
47,Pooja,Gupta,12,18,13,3,37
48,Simran,Sharma,47,20,3,3,37
49,Pooja,Mishra,33,10,3,32,5
50,Rohan,Verma,38,4,43,15,25
51,Arjun,Jain,15,37,38,2,39
52,Aditya,Patel,42,37,36,33,20
53,Karan,Singh,42,45,20,15,16
54,Ananya,Gupta,42,41,19,29,20
55,Aditya,Sharma,29,39,36,6,4
56,Simran,Singh,32,16,8,22,4
57,Aman,Mehta,18,10,28,34,45
58,Neha,Jain,41,33,0,42,35
59,Neha,Verma,8,16,7,6,47
60,Simran,Gupta,17,18,38,13,45
61,Priya,Singh,43,40,16,32,31
62,Karan,Sharma,5,40,27,17,2
63,Aarav,Mehta,49,8,40,16,10
64,Sneha,Mishra,45,27,35,0,7
65,Aditya,Gupta,34,2,23,37,35
66,Kabir,Patel,8,2,19,23,50
67,Vivaan,Mehta,13,43,15,42,6
68,Riya,Mishra,26,39,47,9,15
69,Rohan,Gupta,26,1,11,47,21
70,Ishita,Singh,17,10,50,44,6
71,Ananya,Sharma,30,14,12,29,22
72,Neha,Singh,14,1,42,12,25
73,Priya,Kumar,4,49,17,22,41
74,Nisha,Patel,43,34,21,1,7
75,Karan,Gupta,37,16,2,6,38
76,Ishita,Mehta,46,50,20,27,38
77,Nisha,Verma,24,36,12,16,2
78,Ishita,Sharma,33,34,43,46,47
79,Rahul,Mehta,27,4,42,21,39
80,Priya,Verma,46,19,32,19,42
81,Ishita,Mehta,25,44,18,35,8
82,Rahul,Patel,42,24,43,47,11
83,Yash,Jain,19,25,35,0,19
84,Neha,Singh,27,50,37,38,41
85,Priya,Agarwal,28,28,43,13,32
86,Pooja,Gupta,42,5,18,32,42
87,Yash,Mehta,5,48,15,43,19
88,Aman,Singh,9,1,2,15,30
89,Yash,Verma,29,26,40,36,12
90,Ananya,Agarwal,25,15,9,41,44
91,Aarav,Verma,49,27,14,11,44
92,Nisha,Agarwal,3,35,15,7,29
93,Kabir,Agarwal,42,33,35,38,20
94,Sneha,Jain,46,32,27,35,28
95,Rohan,Agarwal,28,16,48,15,40
96,Karan,Mishra,31,40,15,17,28
97,Aditya,Kumar,15,17,21,20,34
98,Aditya,Gupta,9,14,24,44,9
99,Rahul,Verma,26,26,21,34,29
100,Ishita,Sharma,13,26,24,49,37
101,Aarav,Jain,24,30,0,22,19
102,Ananya,Patel,34,47,47,34,38
103,Aman,Agarwal,14,17,27,31,1
104,Ananya,Mehta,42,43,25,46,10
105,Sneha,Gupta,39,34,1,25,37
106,Vikash,Sharma,5,41,27,8,29
107,Rohan,Sharma,16,24,20,13,29
108,Priya,Mehta,48,24,17,48,26
109,Karan,Verma,30,1,47,34,3
110,Riya,Singh,41,4,49,41,2
111,Aarav,Singh,12,1,39,9,15
112,Kabir,Agarwal,42,7,36,13,29
113,Karan,Mehta,10,38,38,47,45
114,Arjun,Gupta,19,6,37,1,19
115,Vikash,Patel,25,45,12,4,37
116,Aman,Verma,44,49,19,43,38
117,Arjun,Jain,50,2,22,34,27
118,Riya,Verma,32,41,21,0,26
119,Pooja,Verma,27,23,40,29,45
120,Kabir,Patel,11,46,33,41,17
121,Yash,Mishra,49,30,29,27,46
122,Vikash,Kumar,20,15,5,17,28
123,Aman,Agarwal,36,39,42,24,21
124,Aarav,Agarwal,20,11,31,13,22
125,Karan,Mehta,17,38,44,17,35
126,Aarav,Mishra,12,5,15,46,26
127,Pooja,Mishra,48,15,44,30,41
128,Pooja,Agarwal,50,1,5,18,14
129,Ananya,Singh,19,42,37,23,30
130,Simran,Mishra,22,27,47,35,21
131,Riya,Agarwal,17,19,16,14,7
132,Rahul,Mehta,7,47,34,48,44
133,Rohan,Singh,13,47,30,17,46
134,Vikash,Mishra,38,18,6,12,18
135,Aman,Mehta,11,19,0,45,34
136,Kabir,Kumar,2,3,35,18,44
137,Kabir,Agarwal,6,0,36,18,30
138,Pooja,Agarwal,21,11,3,16,30
139,Arjun,Verma,25,31,4,36,40
140,Vivaan,Gupta,9,36,19,5,15
141,Arjun,Mishra,48,26,38,38,50
142,Yash,Singh,49,33,24,28,28
143,Neha,Jain,27,19,36,39,3
144,Yash,Verma,48,13,40,13,16
145,Aditya,Gupta,15,11,35,4,10
146,Aarav,Patel,28,44,38,30,18
147,Vivaan,Singh,18,45,18,44,29
148,Aditya,Singh,16,50,50,40,37
149,Rahul,Patel,7,34,14,41,9
150,Karan,Gupta,4,3,10,50,19
151,Yash,Jain,18,28,7,29,44
152,Neha,Patel,17,32,34,31,28
153,Aditya,Jain,2,27,47,20,38
154,Karan,Sharma,5,14,43,36,37
155,Aarav,Kumar,36,2,48,48,11
156,Pooja,Mishra,41,28,17,11,37
157,Ishita,Agarwal,5,30,22,26,21
158,Priya,Verma,10,21,26,44,31
159,Neha,Patel,48,35,2,29,5
160,Priya,Kumar,20,7,49,25,32
161,Aarav,Mishra,29,26,3,12,33
162,Riya,Jain,48,31,40,28,48
163,Vivaan,Singh,17,35,8,18,28
164,Pooja,Verma,1,40,38,15,45
165,Rohan,Kumar,35,0,35,26,5
166,Aman,Verma,29,7,41,9,31
167,Neha,Mishra,45,17,26,30,30
168,Aman,Agarwal,35,9,24,12,38
169,Nisha,Gupta,4,17,49,50,26
170,Priya,Mishra,17,0,18,46,19
171,Vikash,Jain,42,31,9,28,34
172,Pooja,Mehta,21,35,48,34,24
173,Sneha,Mehta,12,44,15,36,24
174,Aman,Patel,2,20,47,30,45
175,Ananya,Patel,42,50,41,9,31
176,Vivaan,Gupta,32,37,21,6,28
177,Arjun,Mishra,29,0,46,9,26
178,Kabir,Verma,30,50,16,21,39
179,Ananya,Verma,21,43,34,24,20
180,Pooja,Mishra,2,39,4,15,40
181,Neha,Singh,47,5,27,6,48
182,Arjun,Agarwal,10,44,19,1,2
183,Priya,Sharma,18,22,23,27,9
184,Aman,Mishra,26,36,43,50,11
185,Rohan,Gupta,5,39,24,39,43
186,Aman,Agarwal,37,9,14,29,40
187,Karan,Agarwal,16,42,0,29,18
188,Simran,Gupta,4,28,22,37,19
189,Ishita,Kumar,29,19,12,24,30
190,Arjun,Singh,24,36,22,36,18
191,Neha,Sharma,42,25,17,0,36
192,Vivaan,Jain,47,31,18,49,14
193,Yash,Mehta,14,40,12,39,16
194,Kabir,Verma,40,41,2,19,50
195,Sneha,Sharma,37,23,46,8,5
196,Neha,Mehta,47,26,11,12,8
197,Simran,Mehta,33,32,17,10,16
198,Pooja,Kumar,47,21,7,29,4
199,Kabir,Singh,43,46,43,25,35
200,Riya,Verma,50,25,0,16,34
